time,UPSTREAM,DOWNSTREAM,GAGE1,GAGE2
1.000000000000,5530.721095004765,-8819.214131182969,-858469.2789049956,-867288.4930361790
