time,UPSTREAM,DOWNSTREAM,GAGE1,GAGE2
1.000000000000,-1142.0367922614876,-1953.2703654807851,-865142.03679226141,-867095.30715774233
